PlayerId,Name,rotoName,
4248,A. Aminu,Al-Farouq Aminu,
2968439,A. Baynes,Aron Baynes,
4240,A. Bradley,Avery Bradley,
6429,A. Burks,Alec Burks,
2991350,A. Caruso,Alex Caruso,
3064237,A. Cleveland,AntoniusﾠCleveland,
4066387,A. Coffey,Amir Coffey,
2531210,A. Crabbe,Allen Crabbe,
6583,A. Davis,Anthony Davis,
6585,A. Drummond,Andre Drummond,
3064290,A. Gordon,Aaron Gordon,
3922230,A. Holiday,Aaron Holiday,
3213,A. Horford,Al Horford,
2386,A. Iguodala,Andre Iguodala,
2982249,A. Jefferson,Amile Jefferson,
4067045,A. Johnson,Alize Johnson,
2596107,A. Len,Alex Len,
2530923,A. McKinnie,Alfonzo McKinnie,
4349241,A. Mokoka,Adam Mokoka,
2595435,A. Nader,Abdel Nader,
3893059,A. Pasecniks,Anzejs Pasecniks,
6617,A. Rivers,Austin Rivers,
3918423,A. Schofield,Admiral Schofield,
4351851,A. Simons,Anfernee Simons,
4401415,A. Smailagic,Alen Smailagic,
3276,A. Tolliver,Anthony Tolliver,
3907525,A. Trier,Allonzo Trier,
3059319,A. Wiggins,Andrew Wiggins,
4017838,A. Zizic,Ante Zizic,
4066261,B. Adebayo,Bam Adebayo,
6580,B. Beal,Bradley Beal,
6427,B. Biyombo,Bismack Biyombo,
3037789,B. Bogdanovic,Bogdan Bogdanovic,
3593,B. Bogdanovic,Bojan Bogdanovic,
4277882,B. Bowen II,Brian Bowen,
4065670,B. Brown,Bruce Brown,
3113297,B. Caboclo,Bruno Caboclo,
3906665,B. Clarke,Brandon Clarke,
4277952,B. Fernando,Bruno Fernando,
2994526,B. Forbes,Bryn Forbes,
3057198,B. Goodwin,Brandon Goodwin,
3989,B. Griffin,Blake Griffin,
2990984,B. Hield,Buddy Hield,
3913176,B. Ingram,Brandon Ingram,
3059280,B. Johnson,B.J. Johnson,
6448,B. Knight,Brandon Knight,
3448,B. Lopez,Brook Lopez,
4376,B. Marjanovic,Boban Marjanovic,
2578213,B. McLemore,Ben McLemore,
3064482,B. Portis,Bobby Portis,
3907387,B. Simmons,Ben Simmons,
6507,B. Wanamaker,Brad Wanamaker,
1975,C. Anthony,Carmelo Anthony,
3948153,C. Boucher,Chris Boucher,
4066508,C. Brown Jr.,Charles Brown,
3102529,C. Capela,Clint Capela,
3137795,C. Chiozza,Chris Chiozza,
3906603,C. Clemons,Chris Clemons,
3919335,C. Diallo,Cheick Diallo,
4066407,C. Edwards,Carsen Edwards,
3113587,C. Felicio,Cristiano Felicio,
3149010,C. Hutchison,Chandler Hutchison,
3138196,C. Johnson,Cameron Johnson,
6446,C. Joseph,Cory Joseph,
3445,C. Lee,Courtney Lee,
2991043,C. LeVert,Caris LeVert,
3138161,C. Martin,Cody Martin,
3138160,C. Martin,Caleb Martin,
3914283,C. Metu,Chimezie Metu,
3893016,C. Osman,Cedi Osman,
6466,C. Parsons,Chandler Parsons,
2779,C. Paul,Chris Paul,
2580898,C. Randle,Chasson Randle,
4395627,C. Reddish,Cam Reddish,
4277811,C. Sexton,Collin Sexton,
3923253,C. Silva,Chris Silva,
3906671,C. Swanigan,Caleb Swanigan,
4395651,C. White,Coby White,
3058254,C. Wood,Christian Wood,
2579258,C. Zeller,Cody Zeller,
2778,C.J. Miles,C.J. Miles,
4278129,D. Ayton,Deandre Ayton,
3907821,D. Bacon,Dwayne Bacon,
4423545,D. Bazley,Darius Bazley,
3062667,D. Bembry,DeAndre Bembry,
4011991,D. Bender,Dragan Bender,
6426,D. Bertans,Davis Bertans,
3136193,D. Booker,Devin Booker,
3155526,D. Brooks,Dillon Brooks,
3059358,D. Burton,Deonte Burton,
3970,D. Carroll,DeMarre Carroll,
2580913,D. Dedmon,Dewayne Dedmon,
3978,D. DeRozan,DeMar DeRozan,
3934673,D. DiVincenzo,Donte DiVincenzo,
2991149,D. Dotson,Damyean Dotson,
3914285,D. Eubanks,Drew Eubanks,
3102528,D. Exum,Dante Exum,
4257,D. Favors,Derrick Favors,
2578185,D. Finney-Smith,Dorian Finney-Smith,
4066259,D. Fox,De'Aaron Fox,
4278049,D. Gafford,Daniel Gafford,
3428,D. Gallinari,Danilo Gallinari,
4396907,D. Garland,Darius Garland,
3133601,D. Graham,Devonte' Graham,
3988,D. Green,DannyﾠGreen,
6589,D. Green,DraymondﾠGreen,
3059285,D. Hall,Devon Hall,
3907408,D. Hall,Donta Hall,
3001309,D. Hannahs,DustyﾠHannahs,
4065672,D. Hernandez,Dewan Hernandez,
2991155,D. House Jr.,Danuel House Jr.,
2384,D. Howard,Dwight Howard,
4065732,D. Hunter,De'Andre Hunter,
3913220,D. Jeffries,Daquan Jeffries,
3064559,D. Jones,Damian Jones,
3936099,D. Jones Jr.,Derrick Jones Jr.,
3442,D. Jordan,DeAndre Jordan,
2595209,D. Lee,Damion Lee,
6606,D. Lillard,Damian Lillard,
4066243,D. Macon,Daryl Macon,
2528588,D. McDermott,Doug McDermott,
4066436,D. Melton,De'Anthony Melton,
3908809,D. Mitchell,Donovan Mitchell,
3907497,D. Murray,Dejounte Murray,
4348696,D. Musa,Dzanan Musa,
3062744,D. Nwaba,David Nwaba,
2531367,D. Powell,Dwight Powell,
3157465,D. Robinson,Duncan Robinson,
3456,D. Rose,Derrick Rose,
3136776,D. Russell,D'Angelo Russell,
3155942,D. Sabonis,Domantas Sabonis,
3032978,D. Saric,Dario Saric,
3032979,D. Schroder,Dennis Schroder,
4065697,D. Smith Jr.,Dennis Smith Jr.,
2451037,D. Theis,Daniel Theis,
2999549,D. Valentine,Denzel Valentine,
3912848,D. Wade,Dean Wade,
6628,D. Waiters,Dion Waiters,
3056273,D. Walton Jr.,Derrick Walton,
3078576,D. White,Derrick White,
3064447,D. Wright,Delon Wright,
3415,D.J. Augustin,D.J. Augustin,
3136491,D.J. Wilson,D.J. Wilson,
4238,E. Bledsoe,Eric Bledsoe,
4259,E. Davis,Ed Davis,
6588,E. Fournier,Evan Fournier,
3431,E. Gordon,Eric Gordon,
2767,E. Ilyasova,Ersan Ilyasova,
6447,E. Kanter,Enes Kanter,
3065284,E. Mika,Eric Mika,
6460,E. Moore,E'Twaun Moore,
3892818,E. Mudiay,Emmanuel Mudiay,
4230550,E. Okobo,Elie Okobo,
3133817,E. Paschall,Eric Paschall,
2583639,E. Payton,Elfrid Payton,
3136485,E. Sumner,Edmond Sumner,
4239,E. Turner,Evan Turner,
4065651,F. Jackson,Frank Jackson,
2579294,F. Kaminsky,Frank Kaminsky,
3929325,F. Korkmaz,Furkan Korkmaz,
3059315,F. Mason III,Frank Mason,
4230547,F. Ntilikina,Frank Ntilikina,
2991230,F. VanVleet,Fred VanVleet,
3135045,G. Allen,Grayson Allen,
3032977,G. Antetokounmpo,Giannis Antetokounmpo,
4348700,G. Bitadze,Goga Bitadze,
3132042,G. Clark,Gary Clark,
2534781,G. Dieng,Gorgui Dieng,
3423,G. Dragic,Goran Dragic,
2999547,G. Harris,Gary Harris,
4249,G. Hayward,Gordon Hayward,
3438,G. Hill,George Hill,
3913180,G. Mathews,Garrison Mathews,
2990969,G. Niang,Georges Niang,
3134903,G. Payton II,Gary Payton II,
2991039,G. Robinson III,Glenn Robinson III,
4023,G. Temple,Garrett Temple,
4277843,G. Trent Jr.,Gary Trent Jr.,
3137259,G. Vincent,Gabe Vincent,
4066218,G. Williams,Grant Williams,
6578,H. Barnes,Harrison Barnes,
4080610,H. Diallo,Hamidou Diallo,
3906522,H. Ellenson,Henry Ellenson,
4065649,H. Giles III,Harry Giles III,
4262,H. Whiteside,Hassan Whiteside,
4348697,I. Bonga,Isaac Bonga,
4397205,I. Brazdeikis,Ignas Brazdeikis,
4222252,I. Hartenstein,Isaiah Hartenstein,
2774,I. Mahinmi,Ian Mahinmi,
4066392,I. Roby,Isaiah Roby,
6468,I. Shumpert,Iman Shumpert,
4305,I. Smith,Ish Smith,
6472,I. Thomas,Isaiah Thomas,
4017837,I. Zubac,Ivica Zubac,
4066328,J. Allen,Jarrett Allen,
2982340,J. Anderson,Justin Anderson,
3064427,J. Bell,Jordan Bell,
3155533,J. Bolden,Jonah Bolden,
4066212,J. Bone,Jordan Bone,
3912292,J. Brantley,Jarrell Brantley,
3917376,J. Brown,Jaylen Brown,
3934672,J. Brunson,Jalen Brunson,
6430,J. Butler,Jimmy Butler,
3133635,J. Carter,Jevon Carter,
3058269,J. Chealey,Joe Chealey,
2528426,J. Clarkson,Jordan Clarkson,
3908845,J. Collins,John Collins,
6581,J. Crowder,Jae Crowder,
4277928,J. Culver,Jarrett Culver,
3201,J. Dudley,Jared Dudley,
3059318,J. Embiid,Joel Embiid,
2579321,J. Ennis III,James Ennis III,
3934621,J. Evans,Jacob Evans,
2991070,J. Grant,Jerami Grant,
3001308,J. Gray,Josh Gray,
2327577,J. Green,JaMychalﾠGreen,
3209,J. Green,JeffﾠGreen,
2596112,J. Green,Javonte Green,
3992,J. Harden,James Harden,
4066248,J. Harper,Jared Harper,
2528794,J. Harris,Joe Harris,
3062679,J. Hart,Josh Hart,
4397077,J. Hayes,Jaxson Hayes,
6592,J. Henson,John Henson,
4017839,J. Hernangomez,Juancho Hernangomez,
4395688,J. Hoard,Jaylen Hoard,
3995,J. Holiday,JrueﾠHoliday,
2284101,J. Holiday,JustinﾠHoliday,
2968436,J. Ingles,Joe Ingles,
4065654,J. Isaac,Jonathan Isaac,
3138156,J. Jackson,Justin Jackson,
4066297,J. Jackson,Josh Jackson,
4277961,J. Jackson Jr.,Jaren Jackson,
3914058,J. James,Justin James,
3999,J. Johnson,James Johnson,
3134932,J. Konchar,John Konchar,
6603,J. Lamb,Jeremy Lamb,
2982268,J. Layman,Jake Layman,
4423887,J. Lecque,Jalen Lecque,
4064727,J. Magette,Josh Magette,
3907788,J. Martin,Jeremiah Martin,
4066731,J. McDaniels,Jalen McDaniels,
3452,J. McGee,JaVale McGee,
3134916,J. McLaughlin,Jordan McLaughlin,
2531797,J. McRae,Jordan McRae,
4279888,J. Morant,Ja Morant,
3934721,J. Morgan,Juwan Morgan,
3059306,J. Motley,JohnathanﾠMotley,
3936299,J. Murray,Jamal Murray,
4278541,J. Nowell,Jaylen Nowell,
3135048,J. Okafor,Jahlil Okafor,
4065663,J. Okogie,Josh Okogie,
6497,J. Pargo,Jeremy Pargo,
3056600,J. Parker,Jabari Parker,
3912332,J. Patton,Justin Patton,
3134908,J. Poeltl,Jakob Poeltl,
4277956,J. Poole,Jordan Poole,
3064514,J. Randle,Julius Randle,
3912278,J. Reaves,Josh Reaves,
3024,J. Redick,J.J. Redick,
2581190,J. Richardson,Josh Richardson,
3945566,J. Robinson,Justin Robinson,
3943606,J. Robinson,Jerome Robinson,
2608891,J. Sampson,JaKarr Sampson,
4065648,J. Tatum,Jayson Tatum,
4015,J. Teague,Jeff Teague,
4401416,J. Toscano-Anderson,Juan Toscano-Anderson,
2579293,J. Uthoff,Jarrod Uthoff,
6477,J. Valanciunas,Jonas Valanciunas,
4278077,J. Vanderbilt,Jarred Vanderbilt,
3064528,J. Williams,Johnathan Williams,
3135047,J. Winslow,Justise Winslow,
3911566,J. Wright-Foreman,Justing Wright-Foreman,
3055,J.J. Barea,J.J. Barea,
3136483,J.P. Macura,J.P. Macura,
3134880,K. Allen,Kadeem Allen,
2993874,K. Anderson,Kyle Anderson,
4066490,K. Antetokounmpo,Kostas Antetokounmpo,
3136779,K. Bates-Diop,Keita Bates-Diop,
6637,K. Bazemore,Kent Bazemore,
2578240,K. Birch,Khem Birch,
4065635,K. Bowman,Ky Bowman,
2581018,K. Caldwell-Pope,Kentavious Caldwell-Pope,
2991139,K. Dunn,Kris Dunn,
4065730,K. Guy,Kyle Guy,
3143565,K. Hervey,Kevin Hervey,
4066372,K. Huerter,Kevin Huerter,
6442,K. Irving,Kyrie Irving,
4395723,K. Johnson,Keldon Johnson,
4278075,K. Knox II,Kevin Knox,
2011,K. Korver,Kyle Korver,
3134907,K. Kuzma,Kyle Kuzma,
6450,K. Leonard,Kawhi Leonard,
3155535,K. Looney,Kevon Looney,
3449,K. Love,Kevin Love,
3012,K. Lowry,Kyle Lowry,
3133596,K. Martin,Kelan Martin,
6609,K. Middleton,Khris Middleton,
3056247,K. Nunn,Kendrick Nunn,
6615,K. O'Quinn,Kyle O'Quinn,
4278521,K. Okpala,KZ Okpala,
2489663,K. Olynyk,Kelly Olynyk,
3133603,K. Oubre Jr.,Kelly Oubre,
4397140,K. Porter Jr.,Kevin Porter Jr.,
3102531,K. Porzingis,Kristaps Porzingis,
3912334,K. Thomas,Khyri Thomas,
3136195,K. Towns,Karl-Anthony Towns,
6479,K. Walker,Kemba Walker,
3133626,K. Williams,Kenrich Williams,
2983,L. Aldridge,LaMarcus Aldridge,
4066421,L. Ball,Lonzo Ball,
3945274,L. Doncic,Luka Doncic,
4397020,L. Dort,Luguentz Dort,
2530572,L. Galloway,Langston Galloway,
1966,L. James,LeBron James,
3913174,L. Kennard,Luke Kennard,
4397103,L. King,Louis King,
3064560,L. Kornet,Luke Kornet,
4066336,L. Markkanen,Lauri Markkanen,
2580365,L. Nance Jr.,Larry Nance Jr.,
4423309,L. Samanic,Luka Samanic,
3914044,L. Shamet,Landry Shamet,
4277890,L. Walker IV,Lonnie Walker IV,
2799,L. Williams,Lou Williams,
4277848,M. Bagley III,Marvin Bagley III,
4277919,M. Bamba,Mohamed Bamba,
3907822,M. Beasley,Malik Beasley,
3190,M. Belinelli,Marco Belinelli,
4612593,M. Bolden,Marques Bolden,
4066383,M. Bridges,MilesﾠBridges,
3147657,M. Bridges,MikalﾠBridges,
2566769,M. Brogdon,Malcolm Brogdon,
4397126,M. Brown,Moses Brown,
2596108,M. Carter-Williams,Michael Carter-Williams,
3907487,M. Chriss,Marquese Chriss,
3195,M. Conley,Mike Conley,
2489716,M. Dellavedova,Matthew Dellavedova,
2991255,M. Frazier,Michael Frazier,
3913546,M. Frazier Jr.,Melvin Frazier Jr.,
4066636,M. Fultz,Markelle Fultz,
3206,M. Gasol,Marc Gasol,
4230554,M. Guduric,Marko Guduric,
6591,M. Harkless,Maurice Harkless,
2991055,M. Harrell,Montrezl Harrell,
2995706,M. Hezonja,Mario Hezonja,
4065660,M. Kabengele,Mfiondu Kabengele,
6601,M. Kidd-Gilchrist,Michael Kidd-Gilchrist,
2960236,M. Kleber,Maxi Kleber,
6605,M. Leonard,Meyers Leonard,
2580980,M. Miller,Malcolm Miller,
4066262,M. Monk,Malik Monk,
3149036,M. Mooney,Matt Mooney,
3059310,M. Morris,MonteﾠMorris,
6461,M. Morris,MarkieffﾠMorris,
6462,M. Morris Sr.,MarcusﾠMorris,
3936298,M. Mulder,Mychal Mulder,
2490089,M. Muscala,Mike Muscala,
3907359,M. Newman,Malik Newman,
4066851,M. Oni,Miye Oni,
2488653,M. Plumlee,Mason Plumlee,
4278104,M. Porter Jr.,Michael Porter Jr.,
4351852,M. Robinson,Mitchell Robinson,
6622,M. Scott,Mike Scott,
3138201,M. Shayok,Marial Shayok,
2990992,M. Smart,Marcus Smart,
4065778,M. Strus,Max Strus,
3059311,M. Thomas,Matt Thomas,
3907498,M. Thybulle,Matisse Thybulle,
3133628,M. Turner,Myles Turner,
3150844,M. Wagner,MoritzﾠWagner,
3150844,M. Wagner,MoeﾠWagner,
2797,M. Williams,Marvin Williams,
4278039,N. Alexander-Walker,Nickeil Alexander-Walker,
3416,N. Batum,Nicolas Batum,
4269,N. Bjelica,Nemanja Bjelica,
4278067,N. Claxton,Nicolas Claxton,
3112335,N. Jokic,Nikola Jokic,
4395652,N. Little,Nassir Little,
4341,N. Melli,Nicolo Melli,
2990968,N. Mitrou-Long,Naz Mitrou-Long,
2991280,N. Noel,Nerlens Noel,
2608892,N. Pelle,Norvel Pelle,
2595516,N. Powell,Norman Powell,
4396971,N. Reid,Naz Reid,
3078284,N. Vonleh,Noah Vonleh,
6478,N. Vucevic,Nikola Vucevic,
3064457,N. Williams-Goss,Nigel Williams-Goss,
3934719,O. Anunoby,OG Anunoby,
4278031,O. Brissett,Oshae Brissett,
2594922,O. Porter Jr.,OttoﾠPorter,
2594922,O. Porter Jr.,OttoﾠPorter Jr.,
4065836,O. Spellman,Omari Spellman,
3964,P. Beverley,Patrick Beverley,
2578239,P. Connaughton,Pat Connaughton,
3923250,P. Dozier,P.J. Dozier,
4251,P. George,Paul George,
3137730,P. McCaw,Patrick McCaw,
4004,P. Mills,Patty Mills,
3015,P. Millsap,Paul Millsap,
4264,P. Patterson,Patrick Patterson,
3149673,P. Siakam,Pascal Siakam,
3033,P. Tucker,P.J.ﾠTucker,
4278078,P. Washington,PJ Washington,
3058030,P. Watson,Paul Watson,
3033,P.J. Tucker,P.J. Tucker,
2566745,Q. Cook,Quinn Cook,
3907358,Q. Weatherspoon,Quinndary Weatherspoon,
3412,R. Anderson,Ryan Anderson,
2991047,R. Arcidiacono,Ryan Arcidiacono,
4395625,R. Barrett,RJ Barrett,
2489693,R. Broekhoff,Ryan Broekhoff,
2528779,R. Bullock,Reggie Bullock,
2490620,R. Covington,Robert Covington,
3005,R. Gay,Rudy Gay,
3032976,R. Gobert,Rudy Gobert,
4066648,R. Hachimura,Rui Hachimura,
3064291,R. Hollis-Jefferson,Rondae Hollis-Jefferson,
2993370,R. Holmes,Richaun Holmes,
2581177,R. Hood,Rodney Hood,
6443,R. Jackson,Reggie Jackson,
4230548,R. Kurucs,Rodions Kurucs,
4397008,R. Langford,Romeo Langford,
3447,R. Lopez,Robin Lopez,
2488826,R. McGruder,Rodney McGruder,
2968361,R. Neto,Raul Neto,
2583632,R. O'Neale,Royce O'Neale,
3026,R. Rondo,Rajon Rondo,
4011,R. Rubio,Ricky Rubio,
3908819,R. Tucker,Rayjon Tucker,
3468,R. Westbrook,Russell Westbrook,
4066211,R. Williams III,Robert Williams III,
2991235,S. Adams,Steven Adams,
3057187,S. Brown,Sterling Brown,
2326307,S. Curry,Seth Curry,
3975,S. Curry,Stephen Curry,
2580782,S. Dinwiddie,Spencer Dinwiddie,
4423314,S. Doumbouya,Sekou Doumbouya,
4278073,S. Gilgeous-Alexander,Shai Gilgeous-Alexander,
2991274,S. Harrison,Shaquille Harrison,
2991274,S. Harrison,Shaq Harrison,
2488958,S. Hill,Solomon Hill,
3439,S. Ibaka,Serge Ibaka,
3134881,S. Johnson,Stanley Johnson,
2995105,S. Kidd,Stanton Kidd,
3936296,S. Labissiere,Skal Labissiere,
3915195,S. Milton,Shake Milton,
3133602,S. Mykhailiuk,Svi Mykhailiuk,
2530780,S. Napier,Shabazz Napier,
3056602,S. Ojeleye,Semi Ojeleye,
4065834,S. Ponds,Shamorie Ponds,
3102533,T. Antetokounmpo,Thanasis Antetokounmpo,
2426,T. Ariza,Trevor Ariza,
4065673,T. Bradley,Tony Bradley,
4278508,T. Brown Jr.,Troy Brown Jr.,
3934723,T. Bryant,Thomas Bryant,
2579260,T. Burke,Trey Burke,
984,T. Chandler,Tyson Chandler,
4066367,T. Cook,Tyler Cook,
2528693,T. Craig,Torrey Craig,
2489530,T. Daniels,Troy Daniels,
3919454,T. Davis,Terence Davis,
3904625,T. Fall,Tacko Fall,
4230546,T. Ferguson,Terrance Ferguson,
2488945,T. Frazier,Tim Frazier,
3986,T. Gibson,Taj Gibson,
2595231,T. Graham,Treveon Graham,
2528210,T. Hardaway Jr.,Tim Hardaway Jr.,
6440,T. Harris,Tobias Harris,
4395725,T. Herro,Tyler Herro,
4396991,T. Horton-Tucker,Talen Horton-Tucker,
4065733,T. Jerome,Ty Jerome,
2530276,T. Johnson,Tyler Johnson,
3135046,T. Jones,Tyus Jones,
3893019,T. Luwawu-Cabarrot,Timothe Luwawu-Cabarrot,
3136196,T. Lyles,Trey Lyles,
4017843,T. Maker,Thon Maker,
3907823,T. Mann,Terance Mann,
3149059,T. Owens,Tariq Owens,
3138154,T. Pinson,Theo Pinson,
2990962,T. Prince,Taurean Prince,
6619,T. Ross,Terrence Ross,
3074752,T. Rozier,Terry Rozier,
6621,T. Satoransky,Tomas Satoransky,
3028,T. Sefolosha,Thabo Sefolosha,
2528353,T. Snell,Tony Snell,
6474,T. Thompson,Tristan Thompson,
3002137,T. Wallace,Tyrone Wallace,
4278080,T. Waters,Tremont Waters,
3244,T. Young,Thaddeus Young,
4277905,T. Young,Trae Young,
4066425,T.J. Leaf,TJ Leaf,
2530530,T.J. McConnell,T.J. McConnell,
2982334,T.J. Warren,TJ Warren,
2184,U. Haslem,UdonisﾠHaslem,
4230557,V. Cancar,Vlatko Cancar,
136,V. Carter,Vince Carter,
3136746,V. Law,Vic Law,
2527963,V. Oladipo,Victor Oladipo,
4237215,V. Poirier,Vincent Poirier,
6579,W. Barton,Will Barton,
4277847,W. Carter Jr.,Wendell Carter Jr.,
2991282,W. Cauley-Stein,Willie Cauley-Stein,
3194,W. Chandler,Wilson Chandler,
3981,W. Ellington,Wayne Ellington,
4066264,W. Gabriel,Wenyen Gabriel,
2999409,W. Hernangomez,Willy Hernangomez,
4237239,W. Howard,William Howard,
3074797,W. Iwundu,Wes Iwundu,
4032,W. Matthews,Wesley Matthews,
2991018,Y. Ferrell,Yogi Ferrell,
3133838,Y. Watanabe,Yuta Watanabe,
3137713,Z. Cheatham,Zylan Cheatham,
4066650,Z. Collins,Zach Collins,
3064440,Z. LaVine,Zach LaVine,
4066649,Z. Norvell Jr.,Zach Norvell,
4277923,Z. Smith,Zhaire Smith,
4395628,Z. Williamson,Zion Williamson,
1987,,Dwyane Wade,
2016,,Zaza Pachulia,
6589,,Draymond Green,
6475,,Klay Thompson,
3202,,Kevin Durant,
3412,,Ryan Anderson,
3209,,Jeff Green,
3243,,Nick Young,
2393,,Shaun Livingston,
2444,,J.R. Smith,
1713,,Nene Hilario,
3554,,Omri Casspi,
2754,,Channing Frye,
2806,,Jose Calderon,
2177,,David West,
3451,,Luc Richard Mbah a Moute,
3078286,,Troy Williams,
4244,,Lance Stephenson,
2579466,,Jonathon Simmons,
3419,,Mario Chalmers,
3417,,Jerryd Bayless,
3232,,Jason Smith,
2579321,,James Ennis,
3973,,Darren Collison,
4299,,Jeremy Lin,
2327577,,JaMychal Green,
3999,,James Johnson,
1007,,Joe Johnson,
3064511,,Andrew Harrison,
3444,,Kosta Koufos,
272,,Manu Ginobili,
3995,,Jrue Holiday,
2769,,Amir Johnson,
3102530,,Jusuf Nurkic,
2758,,Marcin Gortat,
4260,,Greg Monroe,
2594922,,Otto Porter,
996,,Pau Gasol,
4066297,,Josh Jackson,
4237,,John Wall,
4258,,DeMarcus Cousins,
609,,Dirk Nowitzki,
2959753,,Joffrey Lauvergne,
3187,,Arron Afflalo,
3242,,Brandan Wright,
3138156,,Justin Jackson,
6591,,Moe Harkless,
6452,,Jon Leuer,
3974,,Dante Cunningham,
2489785,,Ian Clark,
4270,,Trevor Booker,
3983,,Tyreke Evans,
4298,,Timofey Mozgov,
4385,,Mirza Teletovic,
4017839,,Juan Hernangomez,
2382,,Devin Harris,
2367,,Tony Allen,
3934663,,Malachi Richardson,
4003,,Jodie Meeks,
2282205,,Malcolm Delaney,
6543,,Julyan Stone,
3136194,,Tyler Ulis,
2389,,Al Jefferson,
2488911,,Brandon Paul,
3059273,,Demetrius Jackson,
2488689,,Sean Kilpatrick,
4243,,Jordan Crawford,
2333797,,Jeff Withey,
6576,,Quincy Acy,
4017844,,Guerschon Yabusele,
2993875,,Shabazz Muhammad,
165,,Jamal Crawford,
6610,,Darius Miller,
841,,Jason Terry,
3064520,,Jordan Mickey,
2596158,,Shane Larkin,
4261,,Ekpe Udoh,
3915560,,Tyler Dorsey,
3418,,Michael Beasley,
2991184,,Sam Dekker,
2531047,,Jerian Grant,
3231,,Ramon Sessions,
2530596,,Andre Roberson,
2284101,,Justin Holiday,
2580365,,Larry Nance,
4247,,Wesley Johnson,
3059281,,Tyler Ennis,
2326015,,Willie Reed,
3893023,,Paul Zipser,
2753,,Raymond Felton,
2995702,,Alex Abrines,
6485,,Lance Thomas,
2747,,Andrew Bogut,
3113587,,Cristiano Da Silva Felicio,
3064516,,Dakari Johnson,
4192,,Milos Teodosic,
3191,,Corey Brewer,
2429,,Luol Deng,
2999409,,Guillermo Hernangomez,
4253,,Quincy Pondexter,
3062892,,Kay Felder,
2580349,,Ron Baker,
2531364,,Josh Huestis,
3032980,,Lucas Nogueira,
1017,,Zach Randolph,
2531352,,Eric Moreland,
3936099,,Derrick Jones,
2506,,Damien Wilkins,
4250,,Luke Babbitt,
3137733,,Rashad Vaughn,
4017846,,Georgios Papagiannis,
6454,,Shelvin Mack,
3064517,,Jarell Martin,
6433,,Kenneth Faried,
3937101,,Deyonta Davis,
3413,,Darrell Arthur,
2968458,,Salah Mejri,
2768,,Jarrett Jack,
2528096,,Mike James,
6469,,Kyle Singler,
3137694,,Gian Clavell,
6453,,DeAndre Liggins,
2439,,Jameer Nelson,
3064539,,Sindarius Thornwell,
2528393,,Tarik Black,
2581084,,Johnny O'Bryant,
3892894,,Zhou Qi,
2968361,,Raulzinho Neto,
3059336,,Isaiah Taylor,
3472,,Bobby Brown,
2411,,Josh Smith,
6631,,Tyler Zeller,
2991042,,Nik Stauskas,
2528473,,Okaro White,
3460,,Marreese Speights,
2528386,,Joseph Young,
6462,,Marcus Morris,
3998,,Jonas Jerebko,
6461,,Markieff Morris,
3064230,,Cameron Payne,
4267,,Cole Aldrich,
3410,,Alexis Ajinca,
3907386,,Antonio Blakeney,
3059306,,Johnathan Motley,
3057304,,Vince Hunter,
3192,,Aaron Brooks,
3912854,,Jawun Evans,
2488977,,Jamil Wilson,
2531362,,Anthony Brown,
2982261,,Marcus Georges-Hunt,
3059310,,Monte Morris,
4066335,,Kobi Simmons,
2325499,,C.J. Williams,
2184,,Udonis Haslem,
2995079,,Jake Wiley,
3929314,,Nicolas Brussino,
6616,,Miles Plumlee,
2991295,,Matt Williams,
3062897,,Alec Peters,
4241228,,Yakuba Ouattara,
2991283,,Alex Poythress,
2488999,,C.J. Wilcox,
3059316,,Wayne Selden,
3138120,,Mindaugas Kuzminskas,
3059272,,V.J. Beachem,
4066424,,Ike Anigbogu,
3934662,,Tyler Lydon,
3147351,,Daniel Hamilton,
1978,,Nick Collison,
3153165,,Chris McCullough,
3137798,,Devin Robinson,
2594885,,Sheldon McClellan,
2579476,,Jalen Jones,
3147366,,Chinanu Onuaku,
2528787,,Lorenzo Brown,
3136477,,Isaiah Whitehead,
2578259,,Darrun Hilliard,
2528646,,Eric Griffin,
2982330,,Brice Johnson,
2531039,,Vander Blue,
2982349,,Tyler Cavanaugh,
3074797,,Wesley Iwundu,
3224,,Joakim Noah,
2531185,,Carrick Felix,
2991178,,A.J. Hammons,
6503,,Dwight Buycks,
3059262,,Davon Reed,
3064308,,Jabari Bird,
3414,,Omer Asik,
1006,,Richard Jefferson,
2282117,,John Holland,
3059286,,London Perrantes,
2991054,,Mangok Mathiang,
2982329,,Marcus Paige,
6459,,Nikola Mirotic,
2999546,,Matt Costello,
2983551,,Joel Bolomboy,
2595229,,Briante Weber,
3074765,,Isaiah Hicks,
1015,,Tony Parker,
3134903,,Gary Payton,
3917378,,Ivan Rabb,
2594818,,James McAdoo,
2491079,,Nate Wolters,
3220,,Josh McRoberts,
3059279,,Michael Young,
3059276,,Jamel Artis,
2531100,,Adreian Payne,
2991039,,Glenn Robinson,
2282622,,Jacob Pullen,
2988387,,Charles Cooke,
2579326,,Alan Williams,
1713,,Nene,
3064237,,Antonius Cleveland,
2490589,,Isaiah Canaan,
2991155,,Danuel House,
2761,,Gerald Green,
2992564,,Milton Doyle,
2528327,,Kyle Collinsworth,
2579251,,Myke Henry,
2566748,,Marshall Plumlee,
3064509,,James Young,
2325495,,Larry Drew,
2530750,,Markel Brown,
3079021,,James Webb,
2399,,Emeka Okafor,
2990972,,Andrew White,
2488674,,Travis Wear,
3952343,,Jaylen Morris,
3059247,,Xavier Rathan-Mayes,
2982332,,Rodney Purvis,
6480,,Derrick Williams,
3997,,Brandon Jennings,
2982185,,Jameel Warney,
3064510,,Aaron Harrison,
3136696,,Wade Baldwin,
6428,,MarShon Brooks,
6499,,Xavier Silas,
2488713,,Jack Cooley,
6626,,Marquis Teague,
3059409,,Nigel Hayes,
2284046,,Omari Johnson,
2983727,,R.J. Hunter,
2234666,,Jonathan Gibson,
2141179,,Andre Ingram,
4000,,Ty Lawson,
4065649,,Harry Giles,
4277961,,Jaren Jackson,
4066383,,Miles Bridges,
3136183,,Yante Maten,
4277847,,Wendell Carter,
3147657,,Mikal Bridges,
3133602,,Sviatoslav Mykhailiuk,
3451,,Luc Mbah a Moute,
4278508,,Troy Brown,
2326411,,James Nunnally,
3943606,,Jerome Robinson,
3936294,,Isaiah Briscoe,
3138256,,DeVaughn Akoon-Purcell,
3133874,,Jaylen Adams,
4066211,,Robert Williams,
3934670,,Marcus Derrickson,
2982240,,Jaron Blossomgame,
3150844,,Moritz Wagner,
3136989,,Vincent Edwards,
3133843,,Jared Terrell,
2579492,,Julian Washburn,
3908807,,Deng Adel,
4277890,,Lonnie Walker,
3907385,,Brandon Sampson,
4236300,,Mitch Creek,
6594,,John Jenkins,
2595592,,Jordan Loyd,
2579279,,Jordan Sibert,
4066334,,Rawle Alkins,
6597,,Terrence Jones,
4277842,,Trevon Duval,
3057240,,Cameron Reynolds,
2585637,,Dairis Bertans,
3908806,,Ray Spalding,
6434,,Jimmer Fredette,
6644,,Scott Machado,
2528586,,Walter Lemon,
3138192,,Bonzie Colson,
2528586,,Walter Lemon Jr.,
4067469,,Jemerrio Jones,
3001309,,Dusty Hannahs,
3059356,,Billy Garrett,
3064320,,George King,
3926491,,Issac Humphries,
4291678,,Haywood Highsmith,
3911666,,Luis Montero,
2983512,,Xavier Munford,
2528803,,Jarell Eddie,
3057189,,Ben Moore,
2488938,,Reggie Hearn,
2994165,,Eric McCree,
2327832,,Trey McKinney-Jones,
2328418,,Scotty Hopson,
2489664,,David Stockton,
4064730,,Tim Quarterman,
4295,,JacobﾠEvans,
2018,,Kendrick Perkins ,
2198243,,Aaron Jackson,
4412182,,IsaiahﾠCanaan,
3059430,,Zach Lofton,
3155536,,Thomas Welsh,
3913546,,Melvin Frazier Jr.,
4277843,,Gary Trent Jr. ,
3947078,,Tyler Davis,
2489563,,Dj Stephens,
3074743,,Troy Caupain,
3136483,,J.P. Macura,
2282734,,Kalin Lucas,
4355392,,Emanuel Terry,
3058269,,Joe Chealey,
3136479,,Angel Delgado,
3129674,,Donte Grantham,
2992257,,Tahjere McCall,
4066490,,Kostas Antetokounmpo,
6464,,Donatas Motiejunas,
4341,,Nicolo Melli,
4278039,,Nickeil Alexander-Walker,
3919454,,Terence Davis,
4395651,,Coby White,
4278078,,PJ Washington,
4396907,,Darius Garland,
4397140,,KevinﾠPorter Jr.,
4277928,,Jarrett Culver,
4279888,,JaﾠMorant,
3906665,,Brandon Clarke,
4230554,,MarkoﾠGuduric,
3056247,,KendrickﾠNunn,
4395725,,Tyler Herro,
3923253,,Chris Silva,
4278521,,KZﾠOkpala,
4066218,,Grant Williams,
4066407,,Carsen Edwards,
3907498,,MatisseﾠThybulle,
4066648,,Rui Hachimura,
3945566,,Justin Robinson,
3913180,,Garrison Mathews,
3918423,,Admiral Schofield,
4395625,,RJﾠBarrett,
4423545,,Darius Bazley,
4066264,,WenyenﾠGabriel,
4066248,,Jared Harper,
4065732,,De'Andre Hunter,
4395627,,Cam Reddish,
4277952,,Bruno Fernando,
4065660,,MfionduﾠKabengele,
3907823,,TeranceﾠMann,
3133817,,EricﾠPaschall,
4065635,,KyﾠBowman,
4277956,,JordanﾠPoole,
2596112,,Javonte Green,
3133596,,Kelan Martin,
4066731,,Jalen McDaniels,
3138160,,Caleb Martin,
3138161,,Cody Martin,
4395652,,Nassir Little,
3914058,,Justin James,
3912292,,Jarrell Brantley,
2995105,,Stanton Kidd,
3064457,,Nigel Williams-Goss,
4066649,,ZachﾠNorvell,
4237215,,VincentﾠPoirier,
3904625,,Tacko Fall,
4348700,,GogaﾠBitadze,
4066367,,Tyler Cook,
3059311,,Matt Thomas,
4278049,,Daniel Gafford,
3138196,,Cameron Johnson,
4397077,,Jaxson Hayes,
4397008,,Romeo Langford,
4278104,,Michael Porter Jr.,
4278104,,Michael Porter,
4230557,,Vlatko Cancar,
3102533,,Thanasis Antetokounmpo,
3906603,,ChrisﾠClemons,
4397205,,Ignas BRAZDEIKIS,
4066212,,JordanﾠBone,
4066508,,Charlie Brown Jr.,
3134916,,JordanﾠMcLaughlin,
4278541,,JaylenﾠNowell,
4278067,,NicolasﾠClaxton,
3134932,,JohnﾠKonchar,
4395688,,JaylenﾠHoard,
4397126,,MosesﾠBrown,
4066851,,Miye Oni,
3059285,,Devon Hall,
4277882,,BrianﾠBowen,
3913220,,Daquan Jeffries,
3137713,,ZylanﾠCheatham,
3912848,,Dean Wade,
4278031,,OshaeﾠBrissett,
4065672,,Dewan Hernandez,
4395723,,KeldonﾠJohnson,
4065778,,Max Strus,
4423314,,SekouﾠDoumbouya,
4278080,,TremontﾠWaters,
3934721,,Juwan Morgan,
4065834,,Shamorie Ponds,
2608892,,Norvel Pelle,
4065733,,Ty Jerome,
4397020,Lu Dort,LuguentzﾠDort,
4396971,,Naz Reid,
4396991,,Talen Horton-Tucker,
3893059,,AnzejsﾠPasecniks,
4397103,,Louis King,
3143565,,Kevin Hervey,
4401415,,Alen Smailagic,
4349241,,Adam Mokoka,
3908819,,Rayjon Tucker,
4066387,,Amir Coffey,
3912278,,Josh Reaves,
3058030,,Paul Watson,
2991255,,Michael Frazier,
4065730,,Kyle Guy,
4423887,,Jalen Lecque,
3149036,,Matt Mooney,
4395628,,Zion Williamson,
3136746,,Vic Law,
3137259,,Gabe Vincent,
4066392,,Isaiah Roby,
3907788,,Jeremiah Martin,
4612593,,Marques Bolden,
3065284,,Eric Mika,
3149059,,Tariq Owens,
3138201,,M. Shayok,
4237239,,William Howard,
4401416,,Juan Toscano-Anderson,
6497,,Jeremy Pargo,
3907358,,Quinndary Weatherspoon,
3907359,,Malik Newman,
3911566,,Justin Wright-Foreman,
3907408,,Donta Hall,
3936298,,Mychal Mulder,
2579293,,Jarrod Uthoff,
4423309,,Luka Samanic,
2608899,,Sir'Dominic Pointer,
2594885,,Sheldon Mac,
4397140,,Kevin Porter,
4594268,,Anthony Edwards,
3138196,,Cam Johnson,
4278052,,Chuma Okeke,
4432809,,Cole Anthony,
4683021,,Deni Avdija,
3906786,,Dylan Windler,
4432822,,Isaac Okoro,
4432810,,Isaiah Stewart,
4431671,,Jaden McDaniels,
4066405,,Lamar Stevens,
4432816,,LaMelo Ball,
4431687,,Patrick Williams,
4066354,,Payton Pritchard,
4431679,,Precious Achiuwa,
4396959,,Reggie Perry,
4397136,,Saddiq Bey,
4683027,,Theo Maledon,
4395630,,Devin Vassell,
4277919,,Mo Bamba,
4432165,,Jalen Suggs,
4280151,,Corey Kispert,
4566434,,Franz Wagner,
4277813,,Herb Jones,
4437244,,Jalen Green,
4871144,,Alperen Sengun,
4431828,,KJ Martin,
4396993,,Tyrese Haliburton,
4432819,,Tre Mann,
4397183,,Aaron Wiggins,
4871145,,Josh Giddey,
4433134,,Scottie Barnes,
3136777,,Jae'Sean Tate,
4592402,,Chris Duarte,
4590530,,R.J. Hampton,
4431678,,Tyrese Maxey,
4702176,,Joshua Primo,
4066457,,Austin Reaves,
4683018,,Aleksej Pokusevski,
4397014,,Quentin Grimes,
4395724,,Immanuel Quickley,
4432811,,Josh Green,
4065656,,Trent Forrest,
4397189,,Jalen Smith,
4432170,,Isaiah Jackson,
4278355,,Obi Toppin,
4432168,,Josh Christopher,
2581184,,Anthony Gill,
4279815,,Terry Taylor,
4578893,,Vit Krejci,
4066317,,Lindy Waters,
4397235,,Duane Washington,
4277869,,Jose Alvarado,
4432166,,Cade Cunningham,
4702233,,JT Thor,
4683024,,Killian Hayes,
4433247,,Jonathan Kuminga,
4431675,,Trendon Watford,
4592492,,Bones Hyland,
4397166,,CJ Elleby,
4432161,,Greg Brown,
4277922,,Jericho Sims,
4432192,,Keon Johnson,
4397040,,Brandon Williams,
4278594,,Naji Marshall,
4396909,,Aaron Nesmith,
4432162,,Brandon Boston,
3059307,,Ish Wainright,
4431823,,Miles McBride,
4431690,,Zeke Nnaji,
4066446,,Elijah Hughes,
4432171,,Moses Moody,
4432158,,Evan Mobley,
4432174,,Cam Thomas,
4278053,,Davion Mitchell,
4397002,,Ayo Dosunmu,
4066668,,Malachi Flynn,
4397693,,Kessler Edwards,
4277916,,RJ Nembhard,
4278046,,Olivier Sarr,
4397885,,Dalano Banton,
4278067,,Nic Claxton,
4066320,,Desmond Bane,
4433137,,Ziaire Williams,
4277883,,Jordan Nwora,
3146557,,Jock Landale,
4397107,,David Duke,
4277957,,Isaiah Livers,
4431680,,Onyeka Okongwu,
2968334,,Facundo Campazzo,
2596247,,Keifer Sykes,
4278562,,Paul Reed,
4395626,,Tre Jones,
2490149,C. McCollum,C.J. McCollum,
2490149,C. McCollum,CJ McCollum,
4066240,B. Key,Braxton Key,
4432585,,AJ Griffin,
4395712,,Andrew Nembhard,
4683634,,Bennedict Mathurin,
4397102,,Bol Bol,
4433623,,Caleb Houstan,
4431767,,Christian Braun,
4431778,,Christian Koloko,
4432176,,Daishen Nix,
4432194,,Day'Ron Sharpe,
4432639,,Jabari Smith,
4433218,,Jaden Ivey,
4433621,,Jalen Duren,
4701230,,Jalen Johnson,
4431712,,James Bouknight,
4610139,,Jeremy Sochan,
3908336,,Matt Ryan,
4278076,,Nick Richards,
4432573,,Paolo Banchero,
4914336,,Shaedon Sharpe,
3899664,,Simone Fontecchio,
4433192,,Tari Eason,
4871143,,Usman Garuba,
4433136,,Walker Kessler,
4593041,,David Roddy,
4592691,,Jake LaRavia,
4432808,,James Wiseman,
4432813,,Jeremiah Robinson-Earl,
4594327,,Keegan Murray,
4397020,,Lu Dort,
4997528,,Nikola Jovic,
4997526,,Ousmane Dieng,
4593125,,Santi Aldama,
4432356,,Johnny Davis,
4278402,,Jordan Goodwin,
4067858,,Kevon Harris,
4397018,,Ochai Agbaji,
4065804,,Sam Hauser,
4397688,,Trey Murphy,
4066299,,Udoka Azubuike,
4683025,,Leandro Bolmaro,
4593803,,Jalen Williams,
4395702,,Isaiah Joe,
4433159,,Dalen Terry,CHI
4869342,,Dyson Daniels,NOP
2594922,,Otto Porter Jr.,TOR
4277964,,Xavier Tillman Sr.,MEM
4431699,,Kai Jones,
4432179,,MarJon Beauchamp,
4432582,,Max Christie,LAL
4565201,,Malaki Branham,SAS
4397886,,Charles Bassey,
4067017,,A.J. Lawson,DAL
4397475,,AJ Green,MIL
4066790,,Anthony Lamb,GSW
4683935,,Blake Wesley,SAS
4576086,,Bryce McGowens,CHA
4395676,,Buddy Boeheim,DET
4067735,,Carlik Jones,CHI
4397134,,Cole Swider,MIA
4278585,,Collin Gillespie,DEN
3913220,,DaQuan Jeffries,NYK
4396978,,Darius Days,HOU
4065697,,Dennis Smith,CHA
4431811,,Dereon Seabron,NOP
4870562,,Dominick Barlow,SAS
4066993,,Dru Smith,BKN
4432821,,E.J. Liddell,NOP
4066410,,Eugene Omoruyi,OKC
4277843,,Gary Trent,TOR
4277813,,Herbert Jones,NOP
4871140,,Ibou Badji,POR
4432815,,Isaiah Mobley,CLE
4715198,,Isaiah Todd,WAS
4432446,,Jabari Walker,POR
4065653,,Jack White,DEN
4278378,,Jacob Gilyard,MEM
4868423,,Jaden Hardy,DAL
4432164,,Jaden Springer,PHI
4278572,,Jamal Cain,MIA
4280245,,Jamaree Bouyea,MIA
4395695,,Jared Butler,WAS
4397119,,Jared Rhoden,DET
4397916,,Jason Preston,LAC
4065731,,Jay Huff,DEN
4683023,,Jay Scrubb,BOS
4432823,,Jaylin Williams,OKC
4576085,,JD Davison,BOS
4397821,,Jeenathan Williams,HOU
4066786,,Jeff Dowtin,TOR
4397033,,Joe Wieskamp,TOR
4432588,,John Butler,POR
4432817,,Johnny Juzang,UTA
4687718,,Josh Minott,MIN
4592479,,Julian Champagnie,SAS
4433254,,Kendall Brown,IND
4432646,,Kennedy Chandler,MEM
4585610,,Kenneth Lofton,MEM
4431828,,Kenyon Martin,LAC
4702177,,Keon Ellis,SAC
4395698,,Kira Lewis,NOP
4431720,,Lester Quinones,GSW
4277887,,Lindell Wigginton,MIL
4277951,,Luka Garza,MIN
3056245,,Malcolm Hill,CHI
3947156,,Mamadi Diakite,CLE
4701232,,Mark Williams,CHA
4683622,,Marko Simonovic,CHI
4277848,,Marvin Bagley,DET
4278507,,McKinley Wright,DAL
4066399,,Micah Potter,UTA
4433249,,Moussa Diabate,LAC
4067325,,Nathan Knight,MIN
4397424,,Neemias Queta,SAC
3074213,,Omer Yurtseven,MIA
4593049,,Orlando Robinson,MIA
4278078,,P.J. Washington,CHA
4433246,,Patrick Baldwin,GSW
4576087,,Peyton Watson,DEN
4397251,,Ron Harper,TOR
4591725,,Ryan Rollins,GSW
4278124,,Saben Lee,PHO
4066757,,Sam Merrill,CLE
4278580,,Sandro Mamukelashvili,MIL
4431785,,Scotty Pippen,LAL
2982334,,T.J. Warren,PHO
2528210,,Tim Hardaway,DAL
4409222,,Trevelin Queen,IND
5075393,,Trevor Hudgins,HOU
4432645,,Trevor Keels,NYK
4397179,,Tyrese Martin,ATL
4683749,,TyTy Washington,HOU
4431669,,Vernon Carey,WAS
4397227,,Vince Williams,MEM
4592187,,Wendell Moore,MIN
3129932,,Xavier Cooks,WAS
4277964,,Xavier Tillman,MEM
4432907,,Justin Champagnie,
4592216,,Alondes Williams,
4701031,,Jordan Hall,
